{
	 "rootnode": {
		 "name": "<3DSRoot>"
		,"transformation": [
			 1
			,0
			,0
			,0
			,0
			,0
			,1
			,0
			,0
			,-1
			,0
			,0
			,0
			,0
			,0
			,1
		]
		,"children": [
			{
				 "name": "Quader01"
				,"transformation": [
					 -2.38419e-07
					,0
					,-1
					,2.51855e-06
					,-1
					,0
					,1.78814e-07
					,57.6177
					,0
					,1
					,0
					,-5.54016
					,0
					,0
					,0
					,1
				]
				,"meshes": [
					 0
				]
			}
		]
	}
	,"flags": 8
	,"meshes": [
		{
			 "name": "0"
			,"materialindex": 0
			,"primitivetypes": 4
			,"vertices": [
				 -25
				,-25
				,0
				,-25
				,25
				,0
				,25
				,25
				,9.09495e-13
				,25
				,-25
				,0
				,-25
				,-25
				,50
				,25
				,-25
				,50
				,25
				,25
				,50
				,-25
				,25
				,50
				,-25
				,-25
				,0
				,25
				,-25
				,0
				,25
				,-25
				,50
				,-25
				,-25
				,50
				,25
				,-25
				,0
				,25
				,25
				,9.09495e-13
				,25
				,25
				,50
				,25
				,-25
				,50
				,25
				,25
				,9.09495e-13
				,-25
				,25
				,0
				,-25
				,25
				,50
				,25
				,25
				,50
				,-25
				,25
				,0
				,-25
				,-25
				,0
				,-25
				,-25
				,50
				,-25
				,25
				,50
			]
			,"normals": [
				 -1.95405e-15
				,3.55271e-15
				,-1
				,-1.95405e-15
				,0
				,-1
				,-1.95405e-15
				,3.55271e-15
				,-1
				,-1.95405e-15
				,1.06581e-14
				,-1
				,1.03328e-08
				,-3.25826e-08
				,1
				,1.03328e-08
				,-3.25826e-08
				,1
				,1.03328e-08
				,-3.25826e-08
				,1
				,1.03328e-08
				,-3.25826e-08
				,1
				,6.55651e-09
				,-1
				,5.56442e-09
				,6.55651e-09
				,-1
				,5.56442e-09
				,6.55651e-09
				,-1
				,5.56442e-09
				,6.55651e-09
				,-1
				,5.56442e-09
				,1
				,4.47035e-08
				,-1.03328e-08
				,1
				,4.47035e-08
				,-1.03328e-08
				,1
				,4.47035e-08
				,-1.03328e-08
				,1
				,4.47035e-08
				,-1.03328e-08
				,-6.55651e-09
				,1
				,-5.56442e-09
				,-6.55651e-09
				,1
				,-5.56442e-09
				,-6.55651e-09
				,1
				,-5.56442e-09
				,-6.55651e-09
				,1
				,-5.56442e-09
				,-1
				,-4.47035e-08
				,1.03328e-08
				,-1
				,-4.47035e-08
				,1.03328e-08
				,-1
				,-4.47035e-08
				,1.03328e-08
				,-1
				,-4.47035e-08
				,1.03328e-08
			]
			,"tangents": [
				 -1
				,-5.00245e-29
				,1.95405e-15
				,-1
				,0
				,1.95405e-15
				,-1
				,-5.00245e-29
				,1.95405e-15
				,-1
				,-2.08266e-29
				,1.95405e-15
				,1
				,-2.14918e-15
				,-1.03328e-08
				,1
				,-2.14918e-15
				,-1.03328e-08
				,1
				,-2.14918e-15
				,-1.03328e-08
				,1
				,-2.14918e-15
				,-1.03328e-08
				,1
				,6.55651e-09
				,-2.54313e-08
				,1
				,6.55651e-09
				,-3.64831e-17
				,1
				,6.55651e-09
				,-2.54313e-08
				,1
				,6.55651e-09
				,-7.6294e-08
				,-4.47035e-08
				,1
				,2.54313e-08
				,-4.47035e-08
				,1
				,1.86518e-14
				,-4.47035e-08
				,1
				,2.54313e-08
				,-4.47035e-08
				,1
				,7.62939e-08
				,1
				,6.55651e-09
				,-2.54313e-08
				,1
				,6.55651e-09
				,1.81534e-14
				,1
				,6.55651e-09
				,-2.54313e-08
				,1
				,6.55651e-09
				,-7.62939e-08
				,4.47035e-08
				,-1
				,-2.54313e-08
				,4.47035e-08
				,-1
				,-4.61911e-16
				,4.47035e-08
				,-1
				,-2.54313e-08
				,4.47035e-08
				,-1
				,-7.62939e-08
			]
			,"bitangents": [
				 4.90581e-30
				,-1
				,-3.55271e-15
				,0
				,-1
				,0
				,4.90581e-30
				,-1
				,-3.55271e-15
				,1.47174e-29
				,-1
				,-1.06581e-14
				,4.5166e-16
				,-1
				,-3.25826e-08
				,4.5166e-16
				,-1
				,-3.25826e-08
				,4.5166e-16
				,-1
				,-3.25826e-08
				,4.5166e-16
				,-1
				,-3.25826e-08
				,3.64831e-17
				,-5.56442e-09
				,-1
				,3.64831e-17
				,-5.56442e-09
				,-1
				,3.64831e-17
				,-5.56442e-09
				,-1
				,3.64831e-17
				,-5.56442e-09
				,-1
				,-1.03328e-08
				,-4.61912e-16
				,-1
				,-1.03328e-08
				,-4.61913e-16
				,-1
				,-1.03328e-08
				,-4.61912e-16
				,-1
				,-1.03328e-08
				,-4.61912e-16
				,-1
				,3.64831e-17
				,-5.56442e-09
				,-1
				,3.64831e-17
				,-5.56442e-09
				,-1
				,3.64831e-17
				,-5.56442e-09
				,-1
				,3.64831e-17
				,-5.56442e-09
				,-1
				,-1.03328e-08
				,-4.61912e-16
				,-1
				,-1.03328e-08
				,-4.61911e-16
				,-1
				,-1.03328e-08
				,-4.61912e-16
				,-1
				,-1.03328e-08
				,-4.61912e-16
				,-1
			]
			,"numuvcomponents": [
				 2
			]
			,"texturecoords": [
				[
					 0.69361
					,0.308227
					,0.69361
					,0.645868
					,0.351715
					,0.645868
					,0.351715
					,0.308227
					,-3.31043e-11
					,0.652425
					,0.347586
					,0.652425
					,0.347586
					,1
					,-3.31043e-11
					,1
					,0.347799
					,0.652409
					,0.69521
					,0.652409
					,0.69521
					,1
					,0.347799
					,1
					,0.355715
					,0.0079367
					,0.653959
					,0.0079367
					,0.653959
					,0.299033
					,0.355715
					,0.299033
					,0.287156
					,0.00244208
					,0.00366307
					,0.00244208
					,0.00366307
					,0.299209
					,0.287156
					,0.299209
					,0.00236062
					,0.305961
					,0.346747
					,0.305961
					,0.346747
					,0.651556
					,0.00236062
					,0.651556
				]
			]
			,"faces": [
				[
					 0
					,1
					,2
				]
				,[
					 2
					,3
					,0
				]
				,[
					 4
					,5
					,6
				]
				,[
					 6
					,7
					,4
				]
				,[
					 8
					,9
					,10
				]
				,[
					 10
					,11
					,8
				]
				,[
					 12
					,13
					,14
				]
				,[
					 14
					,15
					,12
				]
				,[
					 16
					,17
					,18
				]
				,[
					 18
					,19
					,16
				]
				,[
					 20
					,21
					,22
				]
				,[
					 22
					,23
					,20
				]
			]
		}
	]
	,"materials": [
		{
			 "properties": [
				{
					 "key": "?mat.name"
					,"semantic": 0
					,"index": 0
					,"type": 3
					,"value": "01 - Default"
				}
				,{
					 "key": "$clr.ambient"
					,"semantic": 0
					,"index": 0
					,"type": 1
					,"value": [
						 0
						,0
						,0
					]
				}
				,{
					 "key": "$clr.diffuse"
					,"semantic": 0
					,"index": 0
					,"type": 1
					,"value": [
						 0
						,0
						,0
					]
				}
				,{
					 "key": "$clr.specular"
					,"semantic": 0
					,"index": 0
					,"type": 1
					,"value": [
						 1
						,1
						,1
					]
				}
				,{
					 "key": "$clr.emissive"
					,"semantic": 0
					,"index": 0
					,"type": 1
					,"value": [
						 0
						,0
						,0
					]
				}
				,{
					 "key": "$mat.shininess"
					,"semantic": 0
					,"index": 0
					,"type": 1
					,"value": 15
				}
				,{
					 "key": "$mat.shinpercent"
					,"semantic": 0
					,"index": 0
					,"type": 1
					,"value": 0.2
				}
				,{
					 "key": "$mat.opacity"
					,"semantic": 0
					,"index": 0
					,"type": 1
					,"value": 1
				}
				,{
					 "key": "$mat.bumpscaling"
					,"semantic": 0
					,"index": 0
					,"type": 1
					,"value": 1
				}
				,{
					 "key": "$mat.shadingm"
					,"semantic": 0
					,"index": 0
					,"type": 4
					,"value": 3
				}
				,{
					 "key": "$tex.file"
					,"semantic": 2
					,"index": 0
					,"type": 3
					,"value": "TEST.PNG"
				}
				,{
					 "key": "$tex.blend"
					,"semantic": 2
					,"index": 0
					,"type": 1
					,"value": 1
				}
				,{
					 "key": "$tex.mapmodeu"
					,"semantic": 2
					,"index": 0
					,"type": 4
					,"value": 0
				}
				,{
					 "key": "$tex.mapmodev"
					,"semantic": 2
					,"index": 0
					,"type": 4
					,"value": 0
				}
				,{
					 "key": "$tex.uvtrafo"
					,"semantic": 2
					,"index": 0
					,"type": 1
					,"value": [
						 0
						,0
						,1
						,1
						,0
					]
				}
			]
		}
	]
}
